{
  "Total" : {
    "transaction" : "Total",
    "sampleCount" : 500,
    "errorCount" : 0,
    "errorPct" : 0.0,
    "meanResTime" : 85843.72000000004,
    "medianResTime" : 96561.0,
    "minResTime" : 45790.0,
    "maxResTime" : 105330.0,
    "pct1ResTime" : 104025.0,
    "pct2ResTime" : 104533.05,
    "pct3ResTime" : 105051.38,
    "throughput" : 4.725361962726345,
    "receivedKBytesPerSec" : 12.940182233584093,
    "sentKBytesPerSec" : 7.701786245888935
  },
  "Create Issue User 400 Ramp 1" : {
    "transaction" : "Create Issue User 400 Ramp 1",
    "sampleCount" : 500,
    "errorCount" : 0,
    "errorPct" : 0.0,
    "meanResTime" : 85843.72000000004,
    "medianResTime" : 96561.0,
    "minResTime" : 45790.0,
    "maxResTime" : 105330.0,
    "pct1ResTime" : 104025.0,
    "pct2ResTime" : 104533.05,
    "pct3ResTime" : 105051.38,
    "throughput" : 4.725361962726345,
    "receivedKBytesPerSec" : 12.940182233584093,
    "sentKBytesPerSec" : 7.701786245888935
  }
}