{
  "Total" : {
    "transaction" : "Total",
    "sampleCount" : 600,
    "errorCount" : 0,
    "errorPct" : 0.0,
    "meanResTime" : 98341.92000000009,
    "medianResTime" : 101426.5,
    "minResTime" : 60039.0,
    "maxResTime" : 122888.0,
    "pct1ResTime" : 121564.1,
    "pct2ResTime" : 122129.4,
    "pct3ResTime" : 122608.92,
    "throughput" : 4.84214603912454,
    "receivedKBytesPerSec" : 12.903562608948285,
    "sentKBytesPerSec" : 7.89213060478404
  },
  "Create Issue User 550 Ramp 1" : {
    "transaction" : "Create Issue User 550 Ramp 1",
    "sampleCount" : 600,
    "errorCount" : 0,
    "errorPct" : 0.0,
    "meanResTime" : 98341.92000000009,
    "medianResTime" : 101426.5,
    "minResTime" : 60039.0,
    "maxResTime" : 122888.0,
    "pct1ResTime" : 121564.1,
    "pct2ResTime" : 122129.4,
    "pct3ResTime" : 122608.92,
    "throughput" : 4.84214603912454,
    "receivedKBytesPerSec" : 12.903562608948285,
    "sentKBytesPerSec" : 7.89213060478404
  }
}