{
  "Total" : {
    "transaction" : "Total",
    "sampleCount" : 550,
    "errorCount" : 0,
    "errorPct" : 0.0,
    "meanResTime" : 106964.81272727271,
    "medianResTime" : 116107.0,
    "minResTime" : 80510.0,
    "maxResTime" : 126209.0,
    "pct1ResTime" : 124921.0,
    "pct2ResTime" : 125503.45,
    "pct3ResTime" : 125935.8,
    "throughput" : 4.328799899257021,
    "receivedKBytesPerSec" : 12.322706744467007,
    "sentKBytesPerSec" : 7.05543655455075
  },
  "Create Issue User 550 Ramp 1" : {
    "transaction" : "Create Issue User 550 Ramp 1",
    "sampleCount" : 550,
    "errorCount" : 0,
    "errorPct" : 0.0,
    "meanResTime" : 106964.81272727271,
    "medianResTime" : 116107.0,
    "minResTime" : 80510.0,
    "maxResTime" : 126209.0,
    "pct1ResTime" : 124921.0,
    "pct2ResTime" : 125503.45,
    "pct3ResTime" : 125935.8,
    "throughput" : 4.328799899257021,
    "receivedKBytesPerSec" : 12.322706744467007,
    "sentKBytesPerSec" : 7.05543655455075
  }
}