{
  "Create Issue User 10 Ramp 1" : {
    "transaction" : "Create Issue User 10 Ramp 1",
    "sampleCount" : 10,
    "errorCount" : 0,
    "errorPct" : 0.0,
    "meanResTime" : 4786.8,
    "medianResTime" : 4768.0,
    "minResTime" : 4639.0,
    "maxResTime" : 4971.0,
    "pct1ResTime" : 4968.7,
    "pct2ResTime" : 4971.0,
    "pct3ResTime" : 4971.0,
    "throughput" : 1.7328019407381738,
    "receivedKBytesPerSec" : 5.792364299948016,
    "sentKBytesPerSec" : 2.824264100675793
  },
  "Total" : {
    "transaction" : "Total",
    "sampleCount" : 10,
    "errorCount" : 0,
    "errorPct" : 0.0,
    "meanResTime" : 4786.8,
    "medianResTime" : 4768.0,
    "minResTime" : 4639.0,
    "maxResTime" : 4971.0,
    "pct1ResTime" : 4968.7,
    "pct2ResTime" : 4971.0,
    "pct3ResTime" : 4971.0,
    "throughput" : 1.7328019407381738,
    "receivedKBytesPerSec" : 5.792364299948016,
    "sentKBytesPerSec" : 2.824264100675793
  }
}