{
  "Create Issue User 650 Ramp 1" : {
    "transaction" : "Create Issue User 650 Ramp 1",
    "sampleCount" : 650,
    "errorCount" : 0,
    "errorPct" : 0.0,
    "meanResTime" : 108925.41999999997,
    "medianResTime" : 108892.5,
    "minResTime" : 67034.0,
    "maxResTime" : 135348.0,
    "pct1ResTime" : 133521.5,
    "pct2ResTime" : 134239.35,
    "pct3ResTime" : 135111.25,
    "throughput" : 4.765011619297564,
    "receivedKBytesPerSec" : 12.958984589769154,
    "sentKBytesPerSec" : 7.771063871315363
  },
  "Total" : {
    "transaction" : "Total",
    "sampleCount" : 650,
    "errorCount" : 0,
    "errorPct" : 0.0,
    "meanResTime" : 108925.41999999997,
    "medianResTime" : 108892.5,
    "minResTime" : 67034.0,
    "maxResTime" : 135348.0,
    "pct1ResTime" : 133521.5,
    "pct2ResTime" : 134239.35,
    "pct3ResTime" : 135111.25,
    "throughput" : 4.765011619297564,
    "receivedKBytesPerSec" : 12.958984589769154,
    "sentKBytesPerSec" : 7.771063871315363
  }
}